Report Number,Offense ID,Offense Start DateTime,Offense End DateTime,Report DateTime,Group A B,Crime Against Category,Offense Parent Group,Offense,Offense Code,Precinct,Sector,Beat,MCPP,100 Block Address,Longitude,Latitude
2022-010998,31195266446,1/14/2022 8:20,,1/14/2022 10:06,B,SOCIETY,TRESPASS OF REAL PROPERTY,Trespass of Real Property,90J,SW,F,F2,ROXHILL/WESTWOOD/ARBOR HEIGHTS,92XX BLOCK OF 29TH AVE SW,-122.3699834,47.52013356
2022-010993,31194936504,1/14/2022 8:32,,1/14/2022 9:32,A,PROPERTY,LARCENY-THEFT,Theft of Motor Vehicle Parts or Accessories,23G,N,B,B2,BALLARD SOUTH,4XX BLOCK OF NW 65TH ST,-122.362187,47.67599329
2022-010993,31259011679,1/14/2022 8:32,,1/14/2022 9:32,A,PROPERTY,DESTRUCTION/DAMAGE/VANDALISM OF PROPERTY,Destruction/Damage/Vandalism of Property,290,N,B,B2,BALLARD SOUTH,4XX BLOCK OF NW 65TH ST,-122.362187,47.67599329
2022-010972,31194309527,1/14/2022 8:00,,1/14/2022 8:31,A,PROPERTY,DESTRUCTION/DAMAGE/VANDALISM OF PROPERTY,Destruction/Damage/Vandalism of Property,290,W,K,K1,DOWNTOWN COMMERCIAL,CHERRY ST / 2ND AVE,-122.3331722,47.6030194
2022-010971,31193795735,1/14/2022 0:00,,1/14/2022 7:40,A,PROPERTY,FRAUD OFFENSES,Credit Card/Automated Teller Machine Fraud,26B,W,Q,Q1,MAGNOLIA,42XX BLOCK OF 34TH AVE W,-122.400891,47.65849444
2022-010856,31193814482,1/14/2022 2:27,,1/14/2022 7:37,B,SOCIETY,DRIVING UNDER THE INFLUENCE,Driving Under the Influence,90D,N,N,N3,BITTERLAKE,N 105TH ST / AURORA AVE N,-122.3446941,47.70505121
2022-010920,31193707816,1/14/2022 4:05,,1/14/2022 7:29,A,PROPERTY,BURGLARY/BREAKING&ENTERING,Burglary/Breaking & Entering,220,N,J,J3,ROOSEVELT/RAVENNA,72XX BLOCK OF E GREEN LAKE DR N,-122.3259684,47.68050483
2022-010965,31193684205,1/14/2022 0:00,,1/14/2022 7:28,A,PROPERTY,BURGLARY/BREAKING&ENTERING,Burglary/Breaking & Entering,220,W,Q,Q1,MAGNOLIA,42XX BLOCK OF 34TH AVE W,-122.400891,47.65849444
2022-010908,31193004217,1/14/2022 4:34,,1/14/2022 6:10,A,PERSON,ASSAULT OFFENSES,Simple Assault,13B,S,R,R1,MID BEACON HILL,39XX BLOCK OF 15TH AVE S,-122.313451,47.56811919
2022-010918,31192724760,1/14/2022 1:19,,1/14/2022 5:47,A,PROPERTY,DESTRUCTION/DAMAGE/VANDALISM OF PROPERTY,Destruction/Damage/Vandalism of Property,290,S,O,O3,GEORGETOWN,64XX BLOCK OF FLORA AVE S,-122.3197917,47.54487245
2022-010891,31192660887,1/14/2022 4:09,,1/14/2022 5:33,A,PROPERTY,BURGLARY/BREAKING&ENTERING,Burglary/Breaking & Entering,220,N,L,L3,LAKECITY,125XX BLOCK OF LAKE CITY WAY NE,-122.2946969,47.72018507
2022-010890,31192361546,1/14/2022 4:05,,1/14/2022 5:01,A,PROPERTY,LARCENY-THEFT,All Other Larceny,23H,W,Q,Q2,QUEEN ANNE,6XX BLOCK OF W EWING ST,-122.3680024,47.65358616
2022-010804,31191798902,1/13/2022 20:30,,1/14/2022 3:46,A,PERSON,ASSAULT OFFENSES,Simple Assault,13B,N,B,B1,BALLARD SOUTH,24XX BLOCK OF NW 59TH ST,-122.3888643,47.67164701
2022-010866,31191904835,1/14/2022 2:51,,1/14/2022 3:36,A,PROPERTY,LARCENY-THEFT,All Other Larceny,23H,W,Q,Q2,QUEEN ANNE,3XX BLOCK OF W NICKERSON ST,-122.3626696,47.65123337
2022-010807,31191194600,1/14/2022 0:23,,1/14/2022 2:20,A,PERSON,ASSAULT OFFENSES,Simple Assault,13B,E,C,C3,MADRONA/LESCHI,17XX BLOCK OF 33RD AVE,-122.290244,47.617069
2022-010776,31192170034,1/13/2022 23:05,,1/14/2022 2:09,A,SOCIETY,DRUG/NARCOTIC OFFENSES,Drug/Narcotic Violations,35A,SW,F,F3,SOUTH PARK,5XX BLOCK OF S CLOVERDALE ST,-122.3268929,47.52647722
2022-010776,31191051957,1/13/2022 23:05,,1/14/2022 2:09,A,PERSON,ASSAULT OFFENSES,Intimidation,13C,SW,F,F3,SOUTH PARK,5XX BLOCK OF S CLOVERDALE ST,-122.3268929,47.52647722
2022-010739,31190448169,1/13/2022 21:54,,1/14/2022 0:47,A,PERSON,ASSAULT OFFENSES,Simple Assault,13B,W,M,M2,SLU/CASCADE,,0,0
2022-010122,31194800214,1/13/2022 7:53,,1/14/2022 0:12,A,PERSON,ASSAULT OFFENSES,Intimidation,13C,W,K,K3,CHINATOWN/INTERNATIONAL DISTRICT,3XX BLOCK OF 4TH AVE S,-122.3289663,47.59961646
2022-010743,31189396679,1/13/2022 22:02,,1/13/2022 23:57,A,PROPERTY,DESTRUCTION/DAMAGE/VANDALISM OF PROPERTY,Destruction/Damage/Vandalism of Property,290,N,L,L2,NORTHGATE,95XX BLOCK OF 1ST AVE NE,-122.3284779,47.6995476
2022-010762,31189158788,1/13/2022 22:39,,1/13/2022 23:49,A,PERSON,ASSAULT OFFENSES,Simple Assault,13B,W,M,M3,DOWNTOWN COMMERCIAL,13XX BLOCK OF 6TH AVE,-122.3330981,47.60965503
2022-010762,31189275051,1/13/2022 22:39,,1/13/2022 23:49,B,SOCIETY,TRESPASS OF REAL PROPERTY,Trespass of Real Property,90J,W,M,M3,DOWNTOWN COMMERCIAL,13XX BLOCK OF 6TH AVE,-122.3330981,47.60965503
2022-010738,31188474434,1/13/2022 21:54,,1/13/2022 23:35,A,PERSON,ASSAULT OFFENSES,Simple Assault,13B,W,K,K3,CHINATOWN/INTERNATIONAL DISTRICT,4XX BLOCK OF S WASHINGTON ST,-122.3283111,47.60087439
2022-010713,31186246913,1/13/2022 21:12,,1/13/2022 22:45,A,SOCIETY,WEAPON LAW VIOLATIONS,Weapon Law Violations,520,E,E,E1,CAPITOL HILL,E OLIVE ST / BELMONT AVE,-122.3244868,47.61634793
2022-010727,31185948411,1/13/2022 21:30,,1/13/2022 22:35,A,PROPERTY,DESTRUCTION/DAMAGE/VANDALISM OF PROPERTY,Destruction/Damage/Vandalism of Property,290,SW,F,F2,ROXHILL/WESTWOOD/ARBOR HEIGHTS,94XX BLOCK OF 27TH AVE SW,-122.367276,47.51828947
2022-010698,31184995612,1/13/2022 20:00,,1/13/2022 22:03,A,PROPERTY,BURGLARY/BREAKING&ENTERING,Burglary/Breaking & Entering,220,SW,W,W1,NORTH ADMIRAL,32XX BLOCK OF HARBOR AVE SW,-122.3711385,47.57542141
2022-010523,31184870748,1/13/2022 17:59,,1/13/2022 21:46,A,PROPERTY,LARCENY-THEFT,Shoplifting,23C,E,E,E3,FIRST HILL,11XX BLOCK OF MADISON ST,-122.3245839,47.60957018
2022-010675,31184016912,1/13/2022 20:19,,1/13/2022 21:10,A,PROPERTY,DESTRUCTION/DAMAGE/VANDALISM OF PROPERTY,Destruction/Damage/Vandalism of Property,290,W,Q,Q1,MAGNOLIA,40XX BLOCK OF 22ND AVE W,-122.3846995,47.65683344
2022-010682,31184040904,1/13/2022 20:15,,1/13/2022 21:09,A,PROPERTY,DESTRUCTION/DAMAGE/VANDALISM OF PROPERTY,Destruction/Damage/Vandalism of Property,290,N,U,U3,SANDPOINT,37XX BLOCK OF NE 45TH ST,-122.2876977,47.6612516
2022-010416,31183926233,1/13/2022 14:24,,1/13/2022 21:04,A,PERSON,ASSAULT OFFENSES,Aggravated Assault,13A,N,B,B2,FREMONT,34XX BLOCK OF FREMONT AVE N,-122.3497912,47.65001037
2022-010494,31178634888,1/13/2022 16:05,,1/13/2022 20:05,A,PROPERTY,DESTRUCTION/DAMAGE/VANDALISM OF PROPERTY,Destruction/Damage/Vandalism of Property,290,W,Q,Q2,QUEEN ANNE,2ND AVE W / W BOSTON ST,-122.359605,47.63838341
2022-010577,31196612372,1/13/2022 17:56,,1/13/2022 19:51,A,PERSON,ASSAULT OFFENSES,Simple Assault,13B,W,K,K3,CHINATOWN/INTERNATIONAL DISTRICT,4XX BLOCK OF S JACKSON ST,-122.3283173,47.59919591
2022-010577,31284900480,1/13/2022 17:56,,1/13/2022 19:51,A,PROPERTY,LARCENY-THEFT,Shoplifting,23C,W,K,K3,CHINATOWN/INTERNATIONAL DISTRICT,4XX BLOCK OF S JACKSON ST,-122.3283173,47.59919591
2022-010599,31175268378,1/13/2022 18:00,,1/13/2022 19:33,A,PROPERTY,BURGLARY/BREAKING&ENTERING,Burglary/Breaking & Entering,220,S,R,R2,MOUNT BAKER,38XX BLOCK OF RAINIER AVE S,-122.289922,47.56888116
2022-010401,31171944145,1/13/2022 14:00,,1/13/2022 18:52,A,PROPERTY,LARCENY-THEFT,All Other Larceny,23H,W,K,K2,PIONEER SQUARE,1XX BLOCK OF 1ST AVE S,-122.3341801,47.60130276
2022-010580,31171534288,1/13/2022 17:58,,1/13/2022 18:51,A,PERSON,ASSAULT OFFENSES,Intimidation,13C,N,L,L2,NORTHGATE,8XX BLOCK OF NE NORTHGATE WAY,-122.3192068,47.7085692
2022-010542,31168625242,1/13/2022 16:40,,1/13/2022 18:18,A,PROPERTY,ROBBERY,Robbery,120,S,R,R2,MOUNT BAKER,RAINIER AVE S / S PLUM ST,-122.3036048,47.58549757
2022-010505,31168155984,1/13/2022 16:28,,1/13/2022 18:12,A,PERSON,ASSAULT OFFENSES,Simple Assault,13B,SW,F,F2,ROXHILL/WESTWOOD/ARBOR HEIGHTS,26XX BLOCK OF SW BARTON ST,-122.367312,47.52102758
2022-010525,31167819324,1/13/2022 9:00,,1/13/2022 18:06,A,PROPERTY,ROBBERY,Robbery,120,N,B,B3,WALLINGFORD,1XX BLOCK OF NE 50TH ST,-122.3277324,47.66499993
2022-010519,31167440579,1/13/2022 16:50,,1/13/2022 17:53,A,PERSON,ASSAULT OFFENSES,Intimidation,13C,S,R,R1,NORTH BEACON HILL,10XX BLOCK OF STURGUS AVE S,-122.313536,47.59311105
2022-010472,31165876118,1/13/2022 16:52,,1/13/2022 17:49,A,SOCIETY,DRUG/NARCOTIC OFFENSES,Drug/Narcotic Violations,35A,W,D,D1,SLU/CASCADE,,0,0
2022-010562,31166332115,12/2/2021 0:00,,1/13/2022 17:48,A,PROPERTY,COUNTERFEITING/FORGERY,Counterfeiting/Forgery,250,W,Q,Q3,SLU/CASCADE,2XX BLOCK OF 6TH AVE N,-122.3450072,47.62031402
2022-010540,31165646513,1/12/2022 19:20,,1/13/2022 17:43,A,PERSON,ASSAULT OFFENSES,Simple Assault,13B,W,M,M3,DOWNTOWN COMMERCIAL,14XX BLOCK OF 3RD AVE,-122.3373388,47.60925299
2022-010543,31164932769,1/13/2022 17:10,,1/13/2022 17:36,A,PROPERTY,FRAUD OFFENSES,False Pretenses/Swindle/Confidence Game,26A,N,N,N3,NORTHGATE,100XX BLOCK OF AURORA AVE N,-122.3446554,47.7017921
2022-010302,31162638954,1/13/2022 12:08,,1/13/2022 17:12,A,PERSON,ASSAULT OFFENSES,Simple Assault,13B,N,L,L2,NORTHGATE,5XX BLOCK OF NE NORTHGATE WAY,-122.3219184,47.70858578
2022-010488,31162155724,1/11/2022 8:30,,1/13/2022 17:03,A,PROPERTY,MOTOR VEHICLE THEFT,Motor Vehicle Theft,240,S,R,R2,MOUNT BAKER,38XX BLOCK OF COURTLAND PL S,-122.287222,47.568856
2022-010438,31160736412,1/13/2022 15:02,,1/13/2022 16:39,A,PROPERTY,FRAUD OFFENSES,False Pretenses/Swindle/Confidence Game,26A,W,M,M3,DOWNTOWN COMMERCIAL,14XX BLOCK OF 5TH AVE,-122.3351198,47.61018167
2022-900977,31156072951,12/31/2021 16:00,,1/13/2022 15:46,A,PROPERTY,LARCENY-THEFT,All Other Larceny,23H,W,Q,Q1,MAGNOLIA,34XX BLOCK OF 28TH AVE W,-122.3928901,47.65090906
2022-010415,31194828989,1/13/2022 14:24,,1/13/2022 15:36,A,PROPERTY,DESTRUCTION/DAMAGE/VANDALISM OF PROPERTY,Destruction/Damage/Vandalism of Property,290,E,G,G2,MADRONA/LESCHI,E YESLER WAY / M L KING JR WAY,-122.2967678,47.60165616
2022-010361,31152288723,1/11/2022 23:50,,1/13/2022 14:59,A,PROPERTY,MOTOR VEHICLE THEFT,Motor Vehicle Theft,240,N,B,B3,WALLINGFORD,18XX BLOCK OF N 48TH ST,-122.3357887,47.66357988
2022-010330,31154036184,1/8/2022 23:30,,1/13/2022 14:28,A,PERSON,ASSAULT OFFENSES,Aggravated Assault,13A,N,B,B1,BALLARD SOUTH,20XX BLOCK OF NW MARKET ST,-122.3826208,47.66867628
2022-900960,31149405181,1/13/2022 8:00,,1/13/2022 14:24,A,PROPERTY,LARCENY-THEFT,Theft From Building,23D,S,O,O3,GEORGETOWN,56XX BLOCK OF AIRPORT WAY S,-122.3193319,47.5516794
2022-010375,31148362117,1/13/2022 13:36,,1/13/2022 14:06,A,PERSON,ASSAULT OFFENSES,Simple Assault,13B,W,K,K2,PIONEER SQUARE,S JACKSON ST / 3RD AVE S,-122.3302758,47.59919869
2022-010360,31150121607,1/13/2022 13:21,,1/13/2022 13:53,A,PROPERTY,ARSON,Arson,200,W,D,D2,SLU/CASCADE,21XX BLOCK OF 6TH AVE,-122.3402647,47.61554493
2022-900958,31146521402,1/13/2022 10:40,,1/13/2022 13:47,A,PROPERTY,LARCENY-THEFT,Theft From Motor Vehicle,23F,E,C,C1,MONTLAKE/PORTAGE BAY,FRANKLIN AVE E / E ALLISON ST,-122.3220991,47.64871064
2022-000222,31147726984,1/1/2022 4:48,,1/13/2022 13:33,A,PROPERTY,BURGLARY/BREAKING&ENTERING,Burglary/Breaking & Entering,220,N,B,B1,BALLARD SOUTH,17XX BLOCK OF NW MARKET ST,-122.3809635,47.66867414
2022-010263,31144626417,1/5/2022 4:13,,1/13/2022 13:19,A,PROPERTY,BURGLARY/BREAKING&ENTERING,Burglary/Breaking & Entering,220,SW,W,W1,NORTH ADMIRAL,27XX BLOCK OF CALIFORNIA AVE SW,-122.3866598,47.5783244
2022-010333,31143488482,1/12/2022 13:00,,1/13/2022 13:04,A,PROPERTY,LARCENY-THEFT,Theft From Motor Vehicle,23F,E,E,E1,CAPITOL HILL,,0,0
2022-010281,31141492647,1/13/2022 12:20,,1/13/2022 12:36,A,PROPERTY,LARCENY-THEFT,Shoplifting,23C,N,L,L2,NORTHGATE,4XX BLOCK OF NE NORTHGATE WAY,-122.3246152,47.7086028
2022-900939,31138030786,1/12/2022 23:00,,1/13/2022 12:17,A,PROPERTY,LARCENY-THEFT,Theft From Motor Vehicle,23F,S,R,R3,GENESEE,RAINIER AVE S / S GENESEE ST,-122.2882352,47.56427483
2022-900932,31134968674,1/5/2022 15:00,,1/13/2022 11:49,A,PROPERTY,LARCENY-THEFT,All Other Larceny,23H,E,G,G3,MADRONA/LESCHI,4XX BLOCK OF 35TH AVE S,-122.287723,47.59851556
2022-010231,31134985810,1/5/2022 22:27,,1/13/2022 11:42,A,PROPERTY,LARCENY-THEFT,Theft of Motor Vehicle Parts or Accessories,23G,N,L,L3,SANDPOINT,97XX BLOCK OF SAND POINT WAY NE,-122.2777118,47.70024447
2022-010236,31132348702,1/13/2022 10:37,,1/13/2022 11:20,A,PERSON,ASSAULT OFFENSES,Simple Assault,13B,E,G,G2,CENTRAL AREA/SQUIRE PARK,1XX BLOCK OF 21ST AVE,-122.3050416,47.60309155
2022-010219,31131733803,1/13/2022 10:20,,1/13/2022 11:13,B,SOCIETY,TRESPASS OF REAL PROPERTY,Trespass of Real Property,90J,E,C,C3,CENTRAL AREA/SQUIRE PARK,11XX BLOCK OF 19TH AVE,-122.307556,47.610943
2022-010196,31132370503,1/13/2022 9:30,,1/13/2022 11:10,A,PROPERTY,MOTOR VEHICLE THEFT,Motor Vehicle Theft,240,W,D,D2,QUEEN ANNE,25XX BLOCK OF WESTLAKE AVE N,-122.3440707,47.64312027
2022-010180,31131079744,1/13/2022 9:10,,1/13/2022 10:55,A,PROPERTY,MOTOR VEHICLE THEFT,Motor Vehicle Theft,240,N,J,J3,PHINNEY RIDGE,66XX BLOCK OF AURORA AVE N,-122.3459234,47.67730741
2022-010146,31130986979,1/13/2022 8:32,,1/13/2022 10:45,A,PROPERTY,LARCENY-THEFT,Shoplifting,23C,N,B,B1,BALLARD SOUTH,54XX BLOCK OF 15TH AVE NW,-122.3762151,47.66827912
2022-010189,31131361798,1/13/2022 9:42,,1/13/2022 10:15,A,PROPERTY,LARCENY-THEFT,Shoplifting,23C,S,R,R3,GENESEE,44XX BLOCK OF RAINIER AVE S,-122.288011,47.56345666
2022-010089,31129918819,1/13/2022 6:45,,1/13/2022 8:55,A,PERSON,ASSAULT OFFENSES,Aggravated Assault,13A,N,L,L3,LAKECITY,127XX BLOCK OF 30TH AVE NE,-122.2963473,47.72199624
2022-010111,31249277312,1/13/2022 7:41,,1/13/2022 8:39,B,SOCIETY,TRESPASS OF REAL PROPERTY,Trespass of Real Property,90J,W,K,K3,CHINATOWN/INTERNATIONAL DISTRICT,10XX BLOCK OF S JACKSON ST,-122.3184307,47.59918657
2022-010111,31129678772,1/13/2022 7:42,,1/13/2022 8:39,A,PROPERTY,DESTRUCTION/DAMAGE/VANDALISM OF PROPERTY,Destruction/Damage/Vandalism of Property,290,W,K,K3,CHINATOWN/INTERNATIONAL DISTRICT,10XX BLOCK OF S JACKSON ST,-122.3184307,47.59918657
2022-010041,31128598942,1/13/2022 4:47,,1/13/2022 6:13,A,SOCIETY,DRUG/NARCOTIC OFFENSES,Drug/Narcotic Violations,35A,E,C,C1,CAPITOL HILL,E MADISON ST / 15TH AVE,-122.3127715,47.61449899
2022-009927,31126651991,1/12/2022 8:00,,1/13/2022 2:37,A,PROPERTY,LARCENY-THEFT,All Other Larceny,23H,W,K,K3,CHINATOWN/INTERNATIONAL DISTRICT,5XX BLOCK OF RAINIER AVE S,-122.3130836,47.59791145
2022-009913,31126115111,1/12/2022 22:56,,1/13/2022 1:23,B,SOCIETY,DRIVING UNDER THE INFLUENCE,Driving Under the Influence,90D,E,C,C1,CAPITOL HILL,14XX BLOCK OF E PROSPECT ST,-122.313559,47.62841
2022-009921,31125880117,1/12/2022 23:06,,1/13/2022 0:42,A,PROPERTY,ROBBERY,Robbery,120,W,K,K3,CHINATOWN/INTERNATIONAL DISTRICT,S KING ST / 8TH AVE S,-122.3224483,47.59834756
2022-009869,31125651953,1/12/2022 21:36,,1/13/2022 0:06,A,PROPERTY,DESTRUCTION/DAMAGE/VANDALISM OF PROPERTY,Destruction/Damage/Vandalism of Property,290,S,R,R3,LAKEWOOD/SEWARD PARK,77XX BLOCK OF SEWARD PARK AVE S,-122.2666726,47.53277083
2022-009821,31125261190,1/12/2022 20:20,,1/12/2022 23:31,A,PROPERTY,BURGLARY/BREAKING&ENTERING,Burglary/Breaking & Entering,220,N,B,B2,BALLARD SOUTH,8XX BLOCK OF NW 54TH ST,-122.367393,47.66789898
2022-009848,31124449999,1/12/2022 21:03,,1/12/2022 22:42,A,PROPERTY,LARCENY-THEFT,Theft of Motor Vehicle Parts or Accessories,23G,SW,F,F2,SOUTH DELRIDGE,94XX BLOCK OF 16TH AVE SW,-122.3551548,47.51827803
2022-009886,31124380843,1/12/2022 22:00,,1/12/2022 22:42,A,PROPERTY,ROBBERY,Robbery,120,W,M,M2,DOWNTOWN COMMERCIAL,PINE ST / 3RD AVE,-122.3387015,47.61074295
2022-009603,31124348525,1/12/2022 15:00,,1/12/2022 22:29,A,PROPERTY,MOTOR VEHICLE THEFT,Motor Vehicle Theft,240,W,K,K1,UNKNOWN,,0,0
2022-009603,31124442765,1/12/2022 15:00,,1/12/2022 22:29,A,PROPERTY,STOLEN PROPERTY OFFENSES,Stolen Property Offenses,280,N,B,B2,BALLARD SOUTH,9XX BLOCK OF NW 45TH ST,-122.3696925,47.66146817
2022-009676,31124674880,1/12/2022 16:39,,1/12/2022 22:19,A,PERSON,SEX OFFENSES,Sodomy,11B,E,C,C2,CENTRAL AREA/SQUIRE PARK,,0,0
2022-009873,31124193228,1/12/2022 15:00,,1/12/2022 22:11,A,PROPERTY,ROBBERY,Robbery,120,N,U,U2,UNIVERSITY,47XX BLOCK OF UNIVERSITY WAY NE,-122.313088,47.66399626
2022-009787,31124083104,1/12/2022 19:30,,1/12/2022 22:01,A,PROPERTY,MOTOR VEHICLE THEFT,Motor Vehicle Theft,240,S,O,O3,GEORGETOWN,10XX BLOCK OF S BAILEY ST,-122.3195379,47.54746464
2022-009789,31124074512,1/12/2022 19:34,,1/12/2022 22:01,A,PROPERTY,DESTRUCTION/DAMAGE/VANDALISM OF PROPERTY,Destruction/Damage/Vandalism of Property,290,N,N,N3,NORTHGATE,98XX BLOCK OF AURORA AVE N,-122.3446457,47.70097732
2022-009853,31240436194,1/12/2022 21:13,,1/12/2022 21:32,B,SOCIETY,TRESPASS OF REAL PROPERTY,Trespass of Real Property,90J,W,M,M1,DOWNTOWN COMMERCIAL,,0,0
2022-009810,31123181266,12/29/2020 19:30,,1/12/2022 21:05,A,PERSON,SEX OFFENSES,Fondling,11D,E,C,C3,MADRONA/LESCHI,,0,0
2022-009805,31123152731,1/12/2022 19:50,,1/12/2022 21:03,A,PROPERTY,ROBBERY,Robbery,120,SW,W,W3,MORGAN,35TH AVE SW / SW MORGAN ST,-122.376445,47.54468258
2022-009771,31123105199,9/30/2021 20:00,,1/12/2022 20:57,A,PROPERTY,LARCENY-THEFT,All Other Larceny,23H,W,M,M1,DOWNTOWN COMMERCIAL,15XX BLOCK OF ALASKAN WAY,-122.3432712,47.60820692
2022-009709,31122812782,1/12/2022 17:34,,1/12/2022 20:33,A,PERSON,ASSAULT OFFENSES,Intimidation,13C,N,N,N1,BITTERLAKE,134XX BLOCK OF GREENWOOD AVE N,-122.3555529,47.72595531
2022-008877,31121615287,1/11/2022 15:00,,1/12/2022 19:23,B,SOCIETY,TRESPASS OF REAL PROPERTY,Trespass of Real Property,90J,W,Q,Q3,QUEEN ANNE,1XX BLOCK OF MERCER ST,-122.3547512,47.62457688
2022-008877,31207636993,1/11/2022 15:00,,1/12/2022 19:23,A,PROPERTY,LARCENY-THEFT,Shoplifting,23C,W,Q,Q3,QUEEN ANNE,1XX BLOCK OF MERCER ST,-122.3547512,47.62457688
2022-009625,31121016696,1/12/2022 0:00,,1/12/2022 18:34,B,SOCIETY,TRESPASS OF REAL PROPERTY,Trespass of Real Property,90J,W,K,K3,CHINATOWN/INTERNATIONAL DISTRICT,S JACKSON ST / 12TH AVE S,-122.3172228,47.59918907
2022-009555,31121056907,1/12/2022 13:37,,1/12/2022 18:33,A,PROPERTY,LARCENY-THEFT,All Other Larceny,23H,W,M,M3,DOWNTOWN COMMERCIAL,PIKE ST / 3RD AVE,-122.3377929,47.60974973
2022-009686,31120685255,1/12/2022 16:52,,1/12/2022 18:02,B,SOCIETY,TRESPASS OF REAL PROPERTY,Trespass of Real Property,90J,W,K,K3,CHINATOWN/INTERNATIONAL DISTRICT,12XX BLOCK OF S JACKSON ST,-122.3156801,47.59919954
2022-009485,31120533559,1/12/2022 11:43,,1/12/2022 17:46,A,PERSON,ASSAULT OFFENSES,Aggravated Assault,13A,S,S,S3,RAINIER BEACH,90XX BLOCK OF RAINIER AVE S,-122.2699879,47.52281565
2022-009703,31120456951,1/12/2022 14:00,,1/12/2022 17:35,A,PERSON,ASSAULT OFFENSES,Aggravated Assault,13A,W,Q,Q3,SLU/CASCADE,6TH AVE N / MERCER ST,-122.344136,47.624442
2022-009683,31120272019,1/12/2022 16:43,,1/12/2022 17:14,A,PROPERTY,BURGLARY/BREAKING&ENTERING,Burglary/Breaking & Entering,220,N,L,L2,NORTHGATE,106XX BLOCK OF 8TH AVE NE,-122.3205325,47.70721264
2022-009514,31120267702,1/12/2022 12:23,,1/12/2022 17:13,A,PERSON,ASSAULT OFFENSES,Simple Assault,13B,W,Q,Q2,QUEEN ANNE,22XX BLOCK OF 15TH AVE W,-122.3761541,47.63965592
2022-009629,31120170689,1/12/2022 15:39,,1/12/2022 17:02,A,PROPERTY,DESTRUCTION/DAMAGE/VANDALISM OF PROPERTY,Destruction/Damage/Vandalism of Property,290,W,K,K2,PIONEER SQUARE,10XX BLOCK OF OCCIDENTAL AVE S,-122.3332687,47.5938359
2022-009567,31119962514,1/12/2022 14:03,,1/12/2022 16:41,B,SOCIETY,TRESPASS OF REAL PROPERTY,Trespass of Real Property,90J,W,M,M3,DOWNTOWN COMMERCIAL,15XX BLOCK OF 2ND AVE,-122.3393581,47.60978174
2022-009624,31119902721,1/12/2022 1:17,,1/12/2022 16:32,A,PERSON,ASSAULT OFFENSES,Intimidation,13C,N,U,U2,UNIVERSITY,47XX BLOCK OF 12TH AVE NE,-122.315251,47.664012
2022-009440,31118815882,1/12/2022 10:22,,1/12/2022 14:41,A,PERSON,ASSAULT OFFENSES,Intimidation,13C,W,D,D3,SLU/CASCADE,11XX BLOCK OF MERCER ST,-122.335058,47.624618
2022-009440,31118885037,1/12/2022 10:22,,1/12/2022 14:41,B,SOCIETY,TRESPASS OF REAL PROPERTY,Trespass of Real Property,90J,W,D,D3,SLU/CASCADE,11XX BLOCK OF MERCER ST,-122.335058,47.624618
2022-009524,31118673501,1/12/2022 6:00,,1/12/2022 14:30,A,PROPERTY,EXTORTION/BLACKMAIL,Extortion/Blackmail,210,W,M,M1,DOWNTOWN COMMERCIAL,1XX BLOCK OF PIKE ST,-122.3394586,47.60905306
2022-009552,31118524765,1/12/2022 13:33,,1/12/2022 14:05,A,PROPERTY,LARCENY-THEFT,Shoplifting,23C,N,L,L2,NORTHGATE,4XX BLOCK OF NE NORTHGATE WAY,-122.3246152,47.7086028
2022-009399,31118597349,1/10/2022 0:00,,1/12/2022 13:56,A,PROPERTY,LARCENY-THEFT,Theft From Motor Vehicle,23F,W,D,D3,EASTLAKE - WEST,28XX BLOCK OF BOYLSTON AVE E,-122.323362,47.64630934
2022-009399,31118583135,1/10/2022 0:00,,1/12/2022 13:56,A,PROPERTY,LARCENY-THEFT,Theft of Motor Vehicle Parts or Accessories,23G,W,D,D3,EASTLAKE - WEST,28XX BLOCK OF BOYLSTON AVE E,-122.323362,47.64630934
2022-009429,31117910928,1/12/2022 10:00,,1/12/2022 12:35,A,PROPERTY,LARCENY-THEFT,Shoplifting,23C,N,L,L2,NORTHGATE,4XX BLOCK OF NE NORTHGATE WAY,-122.3246152,47.7086028
2022-009464,31117801163,1/11/2022 13:00,,1/12/2022 12:31,A,PROPERTY,MOTOR VEHICLE THEFT,Motor Vehicle Theft,240,S,O,O1,SODO,1XX BLOCK OF S SPOKANE ST,-122.3330681,47.57171528
2022-009392,31130255517,1/12/2022 9:15,,1/12/2022 12:07,A,PROPERTY,LARCENY-THEFT,Theft of Motor Vehicle Parts or Accessories,23G,N,L,L2,ROOSEVELT/RAVENNA,5XX BLOCK OF NE 84TH ST,-122.3216439,47.68967092
2022-900854,31117103827,1/8/2022 19:45,,1/12/2022 11:05,A,PROPERTY,LARCENY-THEFT,All Other Larceny,23H,N,N,N2,BITTERLAKE,135XX BLOCK OF LINDEN AVE N,-122.34773,47.72822459
2022-009380,31116894557,1/12/2022 8:30,,1/12/2022 10:30,A,PROPERTY,MOTOR VEHICLE THEFT,Motor Vehicle Theft,240,W,Q,Q3,SLU/CASCADE,3XX BLOCK OF DENNY WAY,-122.3496403,47.61857911
2022-009253,31116497338,1/12/2022 4:29,,1/12/2022 9:36,A,PROPERTY,LARCENY-THEFT,All Other Larceny,23H,S,O,O1,SODO,24XX BLOCK OF 1ST AVE S,-122.3342002,47.58085317
2022-009347,31116414622,1/12/2022 8:15,,1/12/2022 9:18,A,PROPERTY,MOTOR VEHICLE THEFT,Motor Vehicle Theft,240,SW,F,F2,SOUTH DELRIDGE,92XX BLOCK OF 17TH AVE SW,-122.3564799,47.52011424
2022-009305,31116892925,1/12/2022 7:00,,1/12/2022 8:35,B,SOCIETY,DRIVING UNDER THE INFLUENCE,Driving Under the Influence,90D,SW,F,F3,SOUTH PARK,S CLOVERDALE ST / 5TH AVE S,-122.3281988,47.52648115
2022-009272,31117274107,1/12/2022 5:36,,1/12/2022 8:19,A,PROPERTY,BURGLARY/BREAKING&ENTERING,Burglary/Breaking & Entering,220,S,R,R3,HILLMAN CITY,60XX BLOCK OF M L KING JR WAY S,-122.2859474,47.54706873
2022-900841,31115585149,1/11/2022 7:14,,1/12/2022 7:14,A,PROPERTY,LARCENY-THEFT,Theft From Motor Vehicle,23F,W,D,D3,EASTLAKE - WEST,22XX BLOCK OF MINOR AVE E,-122.3283576,47.63898749
2022-009263,31115473588,1/12/2022 4:59,,1/12/2022 6:48,A,PROPERTY,LARCENY-THEFT,All Other Larceny,23H,SW,F,F2,ROXHILL/WESTWOOD/ARBOR HEIGHTS,24XX BLOCK OF SW KENYON ST,-122.3645224,47.53187894
2022-009236,31115411226,1/12/2022 3:28,,1/12/2022 6:35,A,PERSON,ASSAULT OFFENSES,Simple Assault,13B,S,R,R3,COLUMBIA CITY,50XX BLOCK OF 39TH AVE S,-122.2834715,47.55662307
2022-009239,31115403076,1/12/2022 3:30,,1/12/2022 6:01,B,SOCIETY,TRESPASS OF REAL PROPERTY,Trespass of Real Property,90J,W,D,D3,SLU/CASCADE,4XX BLOCK OF MINOR AVE N,-122.3329965,47.62254475
2022-009239,31126296547,1/12/2022 3:30,,1/12/2022 6:01,A,PERSON,ASSAULT OFFENSES,Intimidation,13C,W,D,D3,SLU/CASCADE,4XX BLOCK OF MINOR AVE N,-122.3329965,47.62254475
2022-009171,31114368556,1/11/2022 23:51,,1/12/2022 0:50,A,PROPERTY,ROBBERY,Robbery,120,W,M,M3,DOWNTOWN COMMERCIAL,2XX BLOCK OF PIKE ST,-122.3383483,47.60951744
2022-009084,31114703198,1/11/2022 20:36,,1/11/2022 23:54,A,PROPERTY,LARCENY-THEFT,Shoplifting,23C,N,U,U3,ROOSEVELT/RAVENNA,27XX BLOCK OF NE 45TH ST,-122.2972223,47.66124046
2022-009107,31114102452,1/11/2022 21:15,,1/11/2022 23:45,B,SOCIETY,DRIVING UNDER THE INFLUENCE,Driving Under the Influence,90D,E,G,G2,FIRST HILL,E JEFFERSON ST / 14TH AVE,-122.3141653,47.60619197
2022-009160,31114127121,1/11/2022 22:45,,1/11/2022 23:43,A,PERSON,ASSAULT OFFENSES,Simple Assault,13B,N,U,U2,UNIVERSITY,47XX BLOCK OF 15TH AVE NE,-122.3119516,47.66398823
2022-009147,31114102887,1/11/2022 22:37,,1/11/2022 23:39,A,PERSON,ASSAULT OFFENSES,Aggravated Assault,13A,W,K,K2,DOWNTOWN COMMERCIAL,5XX BLOCK OF 3RD AVE,-122.3310822,47.60241242
2022-009140,31113509213,1/10/2022 23:59,,1/11/2022 22:59,A,PERSON,ASSAULT OFFENSES,Intimidation,13C,N,U,U2,UNIVERSITY,8XX BLOCK OF NE 42ND ST,-122.3192936,47.65751671
2022-009131,31113310327,1/11/2022 21:35,,1/11/2022 22:19,A,PERSON,ASSAULT OFFENSES,Intimidation,13C,S,S,S1,MID BEACON HILL,23XX BLOCK OF S RAYMOND ST,-122.3026412,47.5487355
2022-009093,31113286193,1/11/2022 20:54,,1/11/2022 22:11,B,SOCIETY,DRIVING UNDER THE INFLUENCE,Driving Under the Influence,90D,W,K,K1,DOWNTOWN COMMERCIAL,MARION ST / ALASKAN WAY,-122.3377875,47.60306059
2022-009073,31113030257,1/3/2022 19:00,,1/11/2022 20:55,A,PERSON,ASSAULT OFFENSES,Simple Assault,13B,W,K,K1,DOWNTOWN COMMERCIAL,6XX BLOCK OF 2ND AVE,-122.3328458,47.6026625
2022-009056,31113208528,1/11/2022 19:52,,1/11/2022 20:53,A,PERSON,ASSAULT OFFENSES,Aggravated Assault,13A,S,S,S2,BRIGHTON/DUNLAP,72XX BLOCK OF 46TH AVE S,-122.275341,47.53734578
2022-009023,31112923610,1/11/2022 18:59,,1/11/2022 20:24,A,PROPERTY,LARCENY-THEFT,Shoplifting,23C,SW,F,F2,ROXHILL/WESTWOOD/ARBOR HEIGHTS,26XX BLOCK OF SW BARTON ST,-122.367312,47.52102758
2022-009014,31112647870,1/11/2022 18:45,,1/11/2022 19:19,A,PROPERTY,ROBBERY,Robbery,120,N,N,N3,NORTHGATE,100XX BLOCK OF AURORA AVE N,-122.3446554,47.7017921
2022-008973,31112506126,1/11/2022 17:42,,1/11/2022 18:54,A,PROPERTY,ROBBERY,Robbery,120,SW,F,F2,ROXHILL/WESTWOOD/ARBOR HEIGHTS,94XX BLOCK OF 35TH AVE SW,-122.3768538,47.51838341
2022-008919,31111903234,1/11/2022 16:12,,1/11/2022 16:51,A,PROPERTY,LARCENY-THEFT,Shoplifting,23C,N,U,U3,ROOSEVELT/RAVENNA,26XX BLOCK OF NE UNIVERSITY VILLAGE ST,-122.298411,47.663323
2022-008890,31302937866,1/11/2022 15:32,,1/11/2022 16:43,A,PROPERTY,LARCENY-THEFT,Theft From Motor Vehicle,23F,S,S,S2,BRIGHTON/DUNLAP,42XX BLOCK OF S OTHELLO ST,-122.2800603,47.53705079
2022-008933,31111786267,1/11/2022 15:00,,1/11/2022 16:37,A,PERSON,ASSAULT OFFENSES,Simple Assault,13B,W,K,K3,CHINATOWN/INTERNATIONAL DISTRICT,S JACKSON ST / 7TH AVE S,-122.3237501,47.5991886
2022-008839,31111427188,1/11/2022 3:00,,1/11/2022 16:16,A,PROPERTY,BURGLARY/BREAKING&ENTERING,Burglary/Breaking & Entering,220,W,M,M1,BELLTOWN,20XX BLOCK OF WESTERN AVE,-122.3441233,47.61079035
2022-008627,31110935955,1/11/2022 14:31,,1/11/2022 15:51,A,PERSON,ASSAULT OFFENSES,Aggravated Assault,13A,E,E,E2,CAPITOL HILL,15XX BLOCK OF BROADWAY,-122.3207895,47.61465549
2022-008721,31208855518,1/11/2022 12:03,,1/11/2022 14:58,A,PROPERTY,DESTRUCTION/DAMAGE/VANDALISM OF PROPERTY,Destruction/Damage/Vandalism of Property,290,E,E,E3,FIRST HILL,9XX BLOCK OF UNION ST,-122.3296707,47.61177482
2022-008721,31208870831,1/11/2022 12:03,,1/11/2022 14:58,A,PROPERTY,BURGLARY/BREAKING&ENTERING,Burglary/Breaking & Entering,220,E,E,E3,FIRST HILL,9XX BLOCK OF UNION ST,-122.3296707,47.61177482
2022-008823,31109675142,1/4/2022 8:30,,1/11/2022 14:45,A,PROPERTY,MOTOR VEHICLE THEFT,Motor Vehicle Theft,240,S,R,R2,MOUNT BAKER,28XX BLOCK OF RAINIER AVE S,-122.2978364,47.57793795
2022-008831,31109386756,1/11/2022 8:40,,1/11/2022 14:34,B,SOCIETY,TRESPASS OF REAL PROPERTY,Trespass of Real Property,90J,N,U,U3,SANDPOINT,80XX BLOCK OF 36TH AVE NE,-122.2895713,47.68756012
2022-008740,31108858976,1/11/2022 12:17,,1/11/2022 13:52,A,PERSON,ASSAULT OFFENSES,Aggravated Assault,13A,SW,F,F3,SOUTH DELRIDGE,94XX BLOCK OF 16TH AVE SW,-122.3551548,47.51827803
2022-900802,31108796929,1/9/2022 23:30,,1/11/2022 13:44,B,SOCIETY,TRESPASS OF REAL PROPERTY,Trespass of Real Property,90J,SW,F,F1,HIGH POINT,24XX BLOCK OF SW WEBSTER ST,-122.3638182,47.53552032
2022-008750,31108801999,1/9/2022 0:00,,1/11/2022 13:43,A,PERSON,ASSAULT OFFENSES,Intimidation,13C,N,U,U1,UNIVERSITY,50XX BLOCK OF ROOSEVELT WAY NE,-122.3173956,47.66568688
2022-008667,31108598059,1/11/2022 11:04,,1/11/2022 13:08,B,SOCIETY,TRESPASS OF REAL PROPERTY,Trespass of Real Property,90J,N,U,U3,SANDPOINT,85XX BLOCK OF 35TH AVE NE,-122.2907038,47.69056458
2022-008667,31208696680,1/11/2022 11:04,,1/11/2022 13:08,A,PROPERTY,LARCENY-THEFT,Shoplifting,23C,N,U,U3,SANDPOINT,85XX BLOCK OF 35TH AVE NE,-122.2907038,47.69056458
2022-008645,31108623054,1/11/2022 10:26,,1/11/2022 13:00,A,PERSON,ASSAULT OFFENSES,Simple Assault,13B,N,U,U3,SANDPOINT,71XX BLOCK OF 62ND AVE NE,-122.2622281,47.67889074
2022-008675,31108266583,1/11/2022 11:16,,1/11/2022 12:07,A,PERSON,ASSAULT OFFENSES,Simple Assault,13B,N,L,L3,LAKECITY,143XX BLOCK OF 35TH AVE NE,-122.2910732,47.73283589
2022-900793,31108163153,1/11/2022 3:00,,1/11/2022 11:54,A,PROPERTY,LARCENY-THEFT,Theft From Motor Vehicle,23F,S,R,R2,CLAREMONT/RAINIER VISTA,30XX BLOCK OF S COURT ST,-122.293603,47.57091172
2022-008673,31108251472,1/10/2022 15:00,,1/11/2022 11:53,A,PERSON,ASSAULT OFFENSES,Simple Assault,13B,W,Q,Q1,QUEEN ANNE,11XX BLOCK OF EXPEDIA GROUP WAY W,-122.3748035,47.62913594
2022-008649,31108104865,1/11/2022 10:42,,1/11/2022 11:39,A,PROPERTY,ROBBERY,Robbery,120,N,B,B1,BALLARD SOUTH,54XX BLOCK OF 15TH AVE NW,-122.3762151,47.66827912
2021-283548,31107637100,10/25/2021 16:37,,1/11/2022 11:34,A,PERSON,ASSAULT OFFENSES,Aggravated Assault,13A,S,S,S1,NEW HOLLY,M L KING JR WAY S / S CHICAGO ST,-122.2808109,47.53260945
2022-008623,31107349769,1/10/2022 22:00,,1/11/2022 11:23,A,PROPERTY,BURGLARY/BREAKING&ENTERING,Burglary/Breaking & Entering,220,N,L,L2,NORTHGATE,4XX BLOCK OF NE NORTHGATE WAY,-122.3246152,47.7086028
2022-900789,31102424722,1/11/2022 2:15,,1/11/2022 10:38,A,PROPERTY,LARCENY-THEFT,Theft From Motor Vehicle,23F,W,Q,Q2,QUEEN ANNE,22XX BLOCK OF 13TH AVE W,-122.3736363,47.64018149
2022-008602,31099196013,1/11/2022 9:40,,1/11/2022 9:59,B,SOCIETY,TRESPASS OF REAL PROPERTY,Trespass of Real Property,90J,W,D,D2,SLU/CASCADE,1XX BLOCK OF WESTLAKE AVE N,-122.33848,47.61911987
2022-900773,31096679157,1/10/2022 19:00,,1/11/2022 9:24,A,PROPERTY,BURGLARY/BREAKING&ENTERING,Burglary/Breaking & Entering,220,W,D,D3,SLU/CASCADE,11XX BLOCK OF REPUBLICAN ST,-122.3350548,47.62319598
2022-008520,31093317215,1/10/2022 7:00,,1/11/2022 8:32,A,PROPERTY,LARCENY-THEFT,Theft From Motor Vehicle,23F,N,N,N3,NORTHGATE,107XX BLOCK OF MERIDIAN AVE N,-122.3339772,47.70775664
2022-008492,31092884138,1/11/2022 6:09,,1/11/2022 7:11,A,PROPERTY,LARCENY-THEFT,Shoplifting,23C,N,N,N3,GREENWOOD,9XX BLOCK OF N 85TH ST,-122.3458645,47.69056669
2022-008498,31092724960,1/11/2022 6:10,,1/11/2022 6:44,A,PROPERTY,BURGLARY/BREAKING&ENTERING,Burglary/Breaking & Entering,220,W,Q,Q2,QUEEN ANNE,6XX BLOCK OF W OLYMPIC PL,-122.3668646,47.62797487
2022-008444,31092683067,1/11/2022 3:35,,1/11/2022 6:39,A,PROPERTY,DESTRUCTION/DAMAGE/VANDALISM OF PROPERTY,Destruction/Damage/Vandalism of Property,290,S,O,O1,SODO,19XX BLOCK OF 4TH AVE S,-122.329058,47.5850737
2022-008437,31098680625,1/11/2022 3:04,,1/11/2022 6:37,A,PERSON,KIDNAPPING/ABDUCTION,Kidnapping/Abduction,100,SW,F,F3,SOUTH PARK,,0,0
2022-008437,31109989459,1/11/2022 3:04,,1/11/2022 6:37,A,PERSON,ASSAULT OFFENSES,Intimidation,13C,SW,F,F3,SOUTH PARK,,0,0
2022-008429,31092605047,1/11/2022 2:39,,1/11/2022 6:21,A,PROPERTY,BURGLARY/BREAKING&ENTERING,Burglary/Breaking & Entering,220,E,G,G1,FIRST HILL,,0,0
2022-008429,31092608312,1/11/2022 2:39,,1/11/2022 6:21,A,PERSON,ASSAULT OFFENSES,Aggravated Assault,13A,E,G,G1,FIRST HILL,,0,0
2022-008471,31092548047,1/11/2022 4:58,,1/11/2022 5:57,A,PERSON,ASSAULT OFFENSES,Simple Assault,13B,N,N,N1,GREENWOOD,NW 100TH PL / 7TH AVE NW,-122.3638486,47.70250267
2022-008409,31092353801,1/11/2022 1:47,,1/11/2022 4:57,A,PERSON,ASSAULT OFFENSES,Aggravated Assault,13A,N,B,B3,WALLINGFORD,STONE WAY N / N 42ND ST,-122.3423146,47.658016
2022-008435,31092069012,1/11/2022 2:50,,1/11/2022 3:43,A,PERSON,ASSAULT OFFENSES,Aggravated Assault,13A,W,Q,Q2,QUEEN ANNE,12XX BLOCK OF QUEEN ANNE AVE N,-122.3566157,47.63000558
2022-008399,31092013594,1/11/2022 0:56,,1/11/2022 3:21,A,PROPERTY,COUNTERFEITING/FORGERY,Counterfeiting/Forgery,250,SW,W,W1,NORTH ADMIRAL,43XX BLOCK OF SW ADMIRAL WAY,-122.3872027,47.58118761
2022-008378,31091717891,1/10/2022 2:34,,1/11/2022 1:25,A,PROPERTY,BURGLARY/BREAKING&ENTERING,Burglary/Breaking & Entering,220,S,O,O1,SODO,29XX BLOCK OF 1ST AVE S,-122.3342025,47.57665156
2022-008362,31091588544,1/10/2022 23:22,,1/11/2022 0:09,A,PROPERTY,DESTRUCTION/DAMAGE/VANDALISM OF PROPERTY,Destruction/Damage/Vandalism of Property,290,W,D,D3,SLU/CASCADE,MINOR AVE N / HARRISON ST,-122.3329932,47.6219735
2022-008243,31091363281,1/10/2022 11:48,,1/10/2022 23:36,A,PROPERTY,LARCENY-THEFT,Shoplifting,23C,N,L,L2,NORTHGATE,4XX BLOCK OF NE NORTHGATE WAY,-122.3246152,47.7086028
2022-008219,31108660924,1/10/2022 18:20,,1/10/2022 23:02,B,SOCIETY,DRIVING UNDER THE INFLUENCE,Driving Under the Influence,90D,N,N,N3,GREENWOOD,FREMONT AVE N / N 102ND ST,-122.3500498,47.70289439
2022-008225,31090562599,1/10/2022 14:00,,1/10/2022 22:50,A,PERSON,ASSAULT OFFENSES,Intimidation,13C,S,R,R3,COLUMBIA CITY,47XX BLOCK OF 32ND AVE S,-122.2914927,47.56004241
2022-008335,31091240214,,,1/10/2022 22:50,A,SOCIETY,WEAPON LAW VIOLATIONS,Weapon Law Violations,520,SW,F,F1,NORTH DELRIDGE,16TH AVE SW / SW GRAHAM ST,-122.3553915,47.54659177
2022-008335,31090559545,,,1/10/2022 22:50,A,PROPERTY,DESTRUCTION/DAMAGE/VANDALISM OF PROPERTY,Destruction/Damage/Vandalism of Property,290,SW,F,F2,SOUTH DELRIDGE,90XX BLOCK OF 17TH AVE SW,-122.3564596,47.52194987
2022-008251,31090341747,1/10/2022 19:01,,1/10/2022 21:51,A,PERSON,SEX OFFENSES,Sodomy,11B,E,G,G3,JUDKINS PARK/NORTH BEACON HILL,,0,0
2022-008124,31090249810,1/10/2022 3:00,,1/10/2022 21:22,A,PERSON,SEX OFFENSES,Sexual Assault With An Object,11C,W,K,K1,DOWNTOWN COMMERCIAL,,0,0
2022-008220,31090270752,1/10/2022 18:21,,1/10/2022 21:15,A,PERSON,ASSAULT OFFENSES,Simple Assault,13B,W,D,D2,SLU/CASCADE,8XX BLOCK OF VIRGINIA ST,-122.3361655,47.61605329
2022-008220,31090248371,1/10/2022 18:21,,1/10/2022 21:15,B,SOCIETY,DRIVING UNDER THE INFLUENCE,Driving Under the Influence,90D,W,D,D3,EASTLAKE - WEST,2XX BLOCK OF E ROANOKE ST,-122.324022,47.64318788
2022-007919,31090196597,1/10/2022 11:20,,1/10/2022 20:42,A,PROPERTY,EXTORTION/BLACKMAIL,Extortion/Blackmail,210,W,D,D2,SLU/CASCADE,4XX BLOCK OF DEXTER AVE N,-122.3423664,47.62263975
2022-008221,31086520805,1/10/2022 18:14,,1/10/2022 19:19,A,PROPERTY,ROBBERY,Robbery,120,N,B,B2,BALLARD SOUTH,11XX BLOCK OF NW LEARY WAY,-122.37218,47.66366
2022-008174,31084545024,1/10/2022 15:00,,1/10/2022 18:55,A,PROPERTY,ROBBERY,Robbery,120,N,N,N2,NORTHGATE,18XX BLOCK OF N 135TH ST,-122.337583,47.726855
2022-007647,31083498686,1/10/2022 2:20,,1/10/2022 18:50,B,SOCIETY,DRIVING UNDER THE INFLUENCE,Driving Under the Influence,90D,E,C,C1,CAPITOL HILL,14XX BLOCK OF E PROSPECT ST,-122.313559,47.62841
2022-007892,31086847808,1/10/2022 10:44,,1/10/2022 18:43,A,PERSON,ASSAULT OFFENSES,Intimidation,13C,W,D,D2,SLU/CASCADE,4XX BLOCK OF WALL ST,-122.3457412,47.6170232
2022-008217,31082700210,1/10/2022 18:17,,1/10/2022 18:38,A,PERSON,ASSAULT OFFENSES,Intimidation,13C,SW,F,F2,HIGHLAND PARK,85XX BLOCK OF 16TH AVE SW,-122.3550704,47.52698191
2022-008134,31080437912,1/10/2022 16:07,,1/10/2022 18:14,B,SOCIETY,TRESPASS OF REAL PROPERTY,Trespass of Real Property,90J,S,S,S2,BRIGHTON/DUNLAP,70XX BLOCK OF 42ND AVE S,-122.2807894,47.53982506
2022-900759,31080383510,1/6/2022 18:00,,1/10/2022 18:14,A,PROPERTY,FRAUD OFFENSES,Credit Card/Automated Teller Machine Fraud,26B,E,C,C1,CAPITOL HILL,14XX BLOCK OF E HARRISON ST,-122.3141609,47.62195274
2022-008045,31080348920,1/10/2022 14:31,,1/10/2022 18:08,A,PROPERTY,ROBBERY,Robbery,120,N,U,U2,UNIVERSITY,UNIVERSITY WAY NE / NE 42ND ST,-122.3132072,47.65831485
2022-008186,31078828776,1/9/2022 18:30,,1/10/2022 17:50,A,PROPERTY,FRAUD OFFENSES,False Pretenses/Swindle/Confidence Game,26A,N,U,U3,ROOSEVELT/RAVENNA,27XX BLOCK OF NE 45TH ST,-122.2972223,47.66124046
2022-008006,31072545502,1/10/2022 13:15,,1/10/2022 16:36,A,PERSON,ASSAULT OFFENSES,Simple Assault,13B,N,U,U3,ROOSEVELT/RAVENNA,30XX BLOCK OF NE 75TH ST,-122.2953265,47.68304813
2022-008089,31108802547,1/10/2022 8:30,,1/10/2022 16:18,A,PROPERTY,BURGLARY/BREAKING&ENTERING,Burglary/Breaking & Entering,220,SW,F,F3,HIGHLAND PARK,,0,0
2022-008032,31068001951,1/10/2022 14:00,,1/10/2022 15:52,A,PERSON,ASSAULT OFFENSES,Intimidation,13C,S,R,R3,HILLMAN CITY,60XX BLOCK OF RAINIER AVE S,-122.2768642,47.54818575
2022-008062,31108521965,12/31/2021 11:00,,1/10/2022 15:29,A,PROPERTY,FRAUD OFFENSES,Credit Card/Automated Teller Machine Fraud,26B,S,S,S3,RAINIER BEACH,,0,0
2022-900714,31067319987,1/9/2022 10:30,,1/10/2022 15:14,A,PROPERTY,DESTRUCTION/DAMAGE/VANDALISM OF PROPERTY,Destruction/Damage/Vandalism of Property,290,N,B,B1,BALLARD SOUTH,28XX BLOCK OF NW 58TH ST,-122.3942628,47.67092384
2022-007978,31067287727,1/10/2022 6:00,,1/10/2022 15:00,A,PROPERTY,BURGLARY/BREAKING&ENTERING,Burglary/Breaking & Entering,220,N,B,B3,WALLINGFORD,43XX BLOCK OF 1ST AVE NE,-122.3282872,47.65964632
2022-008050,31067294268,1/1/2022 6:00,,1/10/2022 14:55,A,PROPERTY,BURGLARY/BREAKING&ENTERING,Burglary/Breaking & Entering,220,W,Q,Q3,QUEEN ANNE,3XX BLOCK OF 1ST AVE W,-122.3580398,47.62152983
2022-007979,31066739531,1/10/2022 12:49,,1/10/2022 13:38,A,PROPERTY,ROBBERY,Robbery,120,W,K,K3,CHINATOWN/INTERNATIONAL DISTRICT,4XX BLOCK OF 8TH AVE S,-122.3224465,47.59876685
2022-007926,31115274087,1/10/2022 11:38,,1/10/2022 13:19,A,PERSON,ASSAULT OFFENSES,Intimidation,13C,N,L,L2,NORTHGATE,5XX BLOCK OF NE NORTHGATE WAY,-122.3219184,47.70858578
2022-007827,31065571335,1/10/2022 9:09,,1/10/2022 11:08,A,PROPERTY,STOLEN PROPERTY OFFENSES,Stolen Property Offenses,280,S,O,O2,GEORGETOWN,S HUDSON ST / 1ST AVE S,-122.3342137,47.55741245
2022-007873,31065486118,1/10/2022 10:14,,1/10/2022 10:40,A,PROPERTY,LARCENY-THEFT,Shoplifting,23C,N,U,U2,UNIVERSITY,43XX BLOCK OF UNIVERSITY WAY NE,-122.313149,47.66053224
2022-007822,31065801409,1/10/2022 9:05,,1/10/2022 10:24,A,PROPERTY,BURGLARY/BREAKING&ENTERING,Burglary/Breaking & Entering,220,N,U,U2,UNIVERSITY,42XX BLOCK OF 7TH AVE NE,-122.320842,47.658491
2022-007831,31065198419,1/6/2022 16:15,,1/10/2022 10:04,A,PERSON,ASSAULT OFFENSES,Simple Assault,13B,N,B,B2,FREMONT,42XX BLOCK OF AURORA AVE N,-122.3473338,47.65900378
2022-007850,31065275301,1/4/2022 8:00,,1/10/2022 9:58,A,PROPERTY,FRAUD OFFENSES,False Pretenses/Swindle/Confidence Game,26A,E,C,C1,MONTLAKE/PORTAGE BAY,23XX BLOCK OF 10TH AVE E,-122.3200608,47.64045106
2022-007711,31074358076,1/10/2022 5:00,,1/10/2022 9:58,B,SOCIETY,TRESPASS OF REAL PROPERTY,Trespass of Real Property,90J,W,M,M3,DOWNTOWN COMMERCIAL,14XX BLOCK OF 2ND AVE,-122.3384495,47.60878866
2022-007711,31065210220,1/10/2022 5:00,,1/10/2022 9:58,A,PROPERTY,BURGLARY/BREAKING&ENTERING,Burglary/Breaking & Entering,220,W,M,M3,DOWNTOWN COMMERCIAL,14XX BLOCK OF 2ND AVE,-122.3384495,47.60878866
2022-007710,31064380475,1/10/2022 5:03,,1/10/2022 7:37,A,PROPERTY,DESTRUCTION/DAMAGE/VANDALISM OF PROPERTY,Destruction/Damage/Vandalism of Property,290,N,J,J2,PHINNEY RIDGE,72XX BLOCK OF GREENWOOD AVE N,-122.3553075,47.68089711
2022-007774,31064318496,1/10/2022 7:14,,1/10/2022 7:24,A,PROPERTY,BURGLARY/BREAKING&ENTERING,Burglary/Breaking & Entering,220,N,N,N3,NORTHGATE,107XX BLOCK OF MERIDIAN AVE N,-122.3339772,47.70775664
2022-007680,31064119278,1/10/2022 3:40,,1/10/2022 6:43,A,PROPERTY,BURGLARY/BREAKING&ENTERING,Burglary/Breaking & Entering,220,E,E,E1,CAPITOL HILL,12XX BLOCK OF PINE ST,-122.3283091,47.61508133
2022-007719,31064925571,1/10/2022 5:10,,1/10/2022 6:19,A,PROPERTY,ARSON,Arson,200,E,E,E1,CAPITOL HILL,4XX BLOCK OF BROADWAY E,-122.3209152,47.6225585
2022-007602,31063547538,1/10/2022 0:17,,1/10/2022 4:41,A,PROPERTY,BURGLARY/BREAKING&ENTERING,Burglary/Breaking & Entering,220,S,O,O2,SODO,6XX BLOCK OF S ANDOVER ST,-122.3247155,47.56805897
2022-007644,31063489658,1/10/2022 2:11,,1/10/2022 4:22,A,PERSON,HOMICIDE OFFENSES,Murder & Nonnegligent Manslaughter,09A,S,S,S1,MID BEACON HILL,,0,0
2022-007621,31063470014,1/10/2022 1:24,,1/10/2022 4:14,A,PROPERTY,STOLEN PROPERTY OFFENSES,Stolen Property Offenses,280,N,U,U2,UNIVERSITY,,0,0
2022-007627,31063457627,1/10/2022 1:33,,1/10/2022 4:14,B,SOCIETY,DRIVING UNDER THE INFLUENCE,Driving Under the Influence,90D,N,N,N3,NORTHGATE,,0,0
2022-007666,31063378276,1/10/2022 3:24,,1/10/2022 3:48,A,PERSON,ASSAULT OFFENSES,Aggravated Assault,13A,N,L,L1,LAKECITY,27TH AVE NE / NE 125TH ST,-122.2990894,47.71930055
2022-007616,31063275800,1/10/2022 1:13,,1/10/2022 3:07,A,PERSON,ASSAULT OFFENSES,Aggravated Assault,13A,E,E,E2,CAPITOL HILL,15XX BLOCK OF BROADWAY,-122.3207895,47.61465549
2022-007616,31126960346,1/10/2022 1:13,,1/10/2022 3:07,A,PERSON,ASSAULT OFFENSES,Simple Assault,13B,E,E,E2,CAPITOL HILL,15XX BLOCK OF BROADWAY,-122.3207895,47.61465549
2022-007645,31063246950,1/10/2022 2:14,,1/10/2022 2:58,A,PROPERTY,STOLEN PROPERTY OFFENSES,Stolen Property Offenses,280,W,M,M3,DOWNTOWN COMMERCIAL,PIKE ST / 5TH AVE,-122.335574,47.6106779
2022-007581,31063268032,1/8/2022 13:34,,1/10/2022 2:52,A,PROPERTY,MOTOR VEHICLE THEFT,Motor Vehicle Theft,240,SW,F,F2,ROXHILL/WESTWOOD/ARBOR HEIGHTS,81XX BLOCK OF DELRIDGE WAY SW,-122.3604553,47.52918117
2022-007629,31063142089,1/10/2022 1:40,,1/10/2022 2:13,A,PROPERTY,LARCENY-THEFT,Theft From Motor Vehicle,23F,S,R,R1,NORTH BEACON HILL,15XX BLOCK OF CHERRYLANE AVE S,-122.3126226,47.58942794
2022-007610,31062792519,1/10/2022 0:47,,1/10/2022 1:31,A,PERSON,ASSAULT OFFENSES,Simple Assault,13B,E,E,E2,CAPITOL HILL,12XX BLOCK OF E PIKE ST,-122.316183,47.614108
2022-007559,31065364343,1/9/2022 22:57,,1/10/2022 1:01,B,SOCIETY,TRESPASS OF REAL PROPERTY,Trespass of Real Property,90J,W,M,M3,DOWNTOWN COMMERCIAL,,0,0
2022-004245,31056276833,1/5/2022 21:29,,1/9/2022 23:57,B,SOCIETY,DRIVING UNDER THE INFLUENCE,Driving Under the Influence,90D,E,E,E2,CAPITOL HILL,E MADISON ST / 14TH AVE,-122.3142204,47.61389492
2022-007528,31052252060,1/7/2022 22:00,,1/9/2022 23:02,A,PERSON,ASSAULT OFFENSES,Aggravated Assault,13A,S,O,O3,GEORGETOWN,70XX BLOCK OF EAST MARGINAL WAY S,-122.3222415,47.53963322
2022-007503,31050103654,1/9/2022 21:00,,1/9/2022 22:25,A,PERSON,ASSAULT OFFENSES,Simple Assault,13B,N,N,N2,NORTHGATE,116XX BLOCK OF AURORA AVE N,-122.3448343,47.71354798
2022-007461,31049585039,1/9/2022 19:44,,1/9/2022 22:21,A,PROPERTY,DESTRUCTION/DAMAGE/VANDALISM OF PROPERTY,Destruction/Damage/Vandalism of Property,290,W,D,D1,SLU/CASCADE,3XX BLOCK OF CEDAR ST,-122.348468,47.617463
2022-007350,31048210109,1/9/2022 16:32,,1/9/2022 22:00,A,PROPERTY,BURGLARY/BREAKING&ENTERING,Burglary/Breaking & Entering,220,W,Q,Q2,QUEEN ANNE,5XX BLOCK OF GALER ST,-122.3461095,47.63230082
2022-007470,31045344276,1/9/2022 20:04,,1/9/2022 21:22,B,SOCIETY,TRESPASS OF REAL PROPERTY,Trespass of Real Property,90J,E,C,C2,MADISON PARK,19XX BLOCK OF 43RD AVE E,-122.277117,47.63666729
2022-007455,31043904363,1/9/2022 19:28,,1/9/2022 20:44,A,PROPERTY,LARCENY-THEFT,Shoplifting,23C,S,R,R2,MOUNT BAKER,38XX BLOCK OF RAINIER AVE S,-122.289922,47.56888116
2022-007459,31043128591,1/9/2022 19:35,,1/9/2022 20:29,A,SOCIETY,WEAPON LAW VIOLATIONS,Weapon Law Violations,520,E,G,G1,FIRST HILL,9XX BLOCK OF E TERRACE ST,-122.3200809,47.60521427
2022-007378,31042959176,1/9/2022 17:14,,1/9/2022 19:35,A,PERSON,ASSAULT OFFENSES,Simple Assault,13B,W,Q,Q2,QUEEN ANNE,,0,0
2022-007378,31042940635,1/9/2022 17:14,,1/9/2022 19:35,A,PROPERTY,LARCENY-THEFT,Shoplifting,23C,W,Q,Q2,QUEEN ANNE,,0,0
2022-007395,31042534914,1/9/2022 17:51,,1/9/2022 19:16,A,PERSON,ASSAULT OFFENSES,Aggravated Assault,13A,N,U,U1,ROOSEVELT/RAVENNA,8XX BLOCK OF NE 70TH ST,-122.3193555,47.67948911
2022-007326,31042224189,1/9/2022 15:49,,1/9/2022 18:06,A,PROPERTY,LARCENY-THEFT,Shoplifting,23C,W,M,M2,DOWNTOWN COMMERCIAL,5XX BLOCK OF PINE ST,-122.3359285,47.61190423
2022-007369,31042100909,12/1/2021 0:00,,1/9/2022 17:34,A,PROPERTY,FRAUD OFFENSES,Identity Theft,26F,S,R,R3,COLUMBIA CITY,35XX BLOCK OF S BRANDON ST,-122.2875865,47.55344408
2022-900617,31042086356,1/9/2022 9:40,,1/9/2022 17:34,A,PROPERTY,BURGLARY/BREAKING&ENTERING,Burglary/Breaking & Entering,220,N,B,B2,BALLARD SOUTH,9XX BLOCK OF NW BALLARD WAY,-122.3696838,47.66293289
2022-007352,31041979799,1/9/2022 16:15,,1/9/2022 16:59,A,PROPERTY,LARCENY-THEFT,Shoplifting,23C,SW,W,W1,NORTH ADMIRAL,43XX BLOCK OF SW ADMIRAL WAY,-122.3872027,47.58118761
2022-007336,31041881662,1/9/2022 16:00,,1/9/2022 16:31,A,PROPERTY,LARCENY-THEFT,All Other Larceny,23H,N,B,B1,BALLARD SOUTH,14XX BLOCK OF NW 62ND ST,-122.3748942,47.67381675
2022-007292,31041659926,1/9/2022 15:07,,1/9/2022 15:42,A,PERSON,ASSAULT OFFENSES,Simple Assault,13B,E,C,C3,CENTRAL AREA/SQUIRE PARK,27XX BLOCK OF E UNION ST,-122.2968497,47.61293809
2022-007217,31041669329,1/9/2022 0:00,,1/9/2022 15:39,A,PROPERTY,LARCENY-THEFT,All Other Larceny,23H,W,K,K1,DOWNTOWN COMMERCIAL,7XX BLOCK OF 4TH AVE,-122.3312782,47.604305
2022-007187,31041970449,1/9/2022 12:20,,1/9/2022 15:38,A,PROPERTY,DESTRUCTION/DAMAGE/VANDALISM OF PROPERTY,Destruction/Damage/Vandalism of Property,290,N,J,J3,ROOSEVELT/RAVENNA,,0,0
2022-007187,31041967973,1/9/2022 12:20,,1/9/2022 15:38,A,PERSON,ASSAULT OFFENSES,Aggravated Assault,13A,N,J,J3,ROOSEVELT/RAVENNA,,0,0
2022-007237,31041466274,1/9/2022 13:40,,1/9/2022 14:50,A,PROPERTY,LARCENY-THEFT,Shoplifting,23C,W,M,M2,DOWNTOWN COMMERCIAL,5XX BLOCK OF PINE ST,-122.3359285,47.61190423
2022-007218,31041407671,1/9/2022 13:11,,1/9/2022 14:41,A,PERSON,ASSAULT OFFENSES,Simple Assault,13B,S,R,R3,HILLMAN CITY,60XX BLOCK OF M L KING JR WAY S,-122.2859474,47.54706873
2022-900608,31041373218,1/5/2022 10:02,,1/9/2022 14:33,A,PROPERTY,LARCENY-THEFT,Shoplifting,23C,UNKNOWN,UNKNOWN,UNKNOWN,UNKNOWN,,0,0
2022-007252,31041421481,1/9/2022 14:06,,1/9/2022 14:31,A,PERSON,ASSAULT OFFENSES,Aggravated Assault,13A,N,L,L3,SANDPOINT,120XX BLOCK OF SAND POINT WAY NE,-122.2835066,47.71669102
2022-007243,31041291175,1/9/2022 13:45,,1/9/2022 14:08,A,PROPERTY,FRAUD OFFENSES,False Pretenses/Swindle/Confidence Game,26A,E,E,E2,CAPITOL HILL,17XX BLOCK OF BOYLSTON AVE,-122.3234391,47.61695897
2022-007163,31041064250,1/9/2022 12:04,,1/9/2022 13:09,A,PROPERTY,LARCENY-THEFT,Shoplifting,23C,N,L,L3,LAKECITY,143XX BLOCK OF LAKE CITY WAY NE,-122.2924031,47.73284787
2022-007099,31041022518,1/9/2022 10:36,,1/9/2022 12:56,A,PROPERTY,ROBBERY,Robbery,120,W,M,M1,DOWNTOWN COMMERCIAL,14XX BLOCK OF 2ND AVE,-122.3384495,47.60878866
2022-007161,31041020878,1/9/2022 12:06,,1/9/2022 12:55,A,SOCIETY,WEAPON LAW VIOLATIONS,Weapon Law Violations,520,N,U,U2,UNIVERSITY,NE 45TH ST / ROOSEVELT WAY NE,-122.3176382,47.66129873
2022-007134,31041002927,1/9/2022 11:28,,1/9/2022 12:52,A,PERSON,ASSAULT OFFENSES,Simple Assault,13B,N,U,U1,UNIVERSITY,55XX BLOCK OF 17TH AVE NE,-122.3096081,47.66899732
2022-007138,31040993123,1/9/2022 11:32,,1/9/2022 12:48,A,PROPERTY,LARCENY-THEFT,Shoplifting,23C,N,L,L2,NORTHGATE,4XX BLOCK OF NE NORTHGATE WAY,-122.3246152,47.7086028
2022-007158,31040947168,1/9/2022 12:00,,1/9/2022 12:37,A,PERSON,ASSAULT OFFENSES,Aggravated Assault,13A,S,R,R1,NORTH BEACON HILL,30XX BLOCK OF BEACON AVE S,-122.3095167,47.5760722
2022-007125,31040819344,1/9/2022 11:20,,1/9/2022 11:58,A,PROPERTY,DESTRUCTION/DAMAGE/VANDALISM OF PROPERTY,Destruction/Damage/Vandalism of Property,290,N,N,N1,BITTERLAKE,3XX BLOCK OF N 125TH ST,-122.354873,47.71959953
2022-007109,31040795965,1/9/2022 10:55,,1/9/2022 11:55,A,PERSON,ASSAULT OFFENSES,Aggravated Assault,13A,S,R,R2,MOUNT BAKER,36XX BLOCK OF 33RD AVE S,-122.2910103,47.57075994
2022-007094,31040715848,1/9/2022 10:28,,1/9/2022 11:19,A,PROPERTY,MOTOR VEHICLE THEFT,Motor Vehicle Theft,240,N,B,B1,BALLARD SOUTH,22XX BLOCK OF NW 58TH ST,-122.3861649,47.67091421
2022-007034,31040651602,1/9/2022 8:32,,1/9/2022 11:10,A,PROPERTY,LARCENY-THEFT,Shoplifting,23C,S,S,S3,RAINIER BEACH,90XX BLOCK OF RAINIER AVE S,-122.2699879,47.52281565
2022-007061,31040539390,1/9/2022 9:20,,1/9/2022 10:38,A,PROPERTY,BURGLARY/BREAKING&ENTERING,Burglary/Breaking & Entering,220,N,B,B2,FREMONT,7XX BLOCK OF N 35TH ST,-122.3486396,47.65034031
2022-007043,31040525851,1/9/2022 8:56,,1/9/2022 10:30,A,PROPERTY,BURGLARY/BREAKING&ENTERING,Burglary/Breaking & Entering,220,N,U,U3,SANDPOINT,37XX BLOCK OF NE 45TH ST,-122.2877009,47.66125901
2022-007015,31040375126,1/9/2022 1:55,,1/9/2022 9:46,A,PROPERTY,BURGLARY/BREAKING&ENTERING,Burglary/Breaking & Entering,220,S,S,S1,SOUTH BEACON HILL,88XX BLOCK OF M L KING JR WAY S,-122.2790519,47.52375501
2022-007029,31040350251,1/9/2022 8:26,,1/9/2022 9:30,A,PROPERTY,BURGLARY/BREAKING&ENTERING,Burglary/Breaking & Entering,220,S,R,R2,MOUNT BAKER,27XX BLOCK OF RAINIER AVE S,-122.2991587,47.57967225
2022-007038,31040362632,1/9/2022 8:20,,1/9/2022 9:24,A,PROPERTY,LARCENY-THEFT,Theft of Motor Vehicle Parts or Accessories,23G,N,J,J3,PHINNEY RIDGE,7XX BLOCK OF N 66TH ST,-122.3485846,47.67688745
2022-006960,31039931399,1/9/2022 6:24,,1/9/2022 7:05,A,PROPERTY,BURGLARY/BREAKING&ENTERING,Burglary/Breaking & Entering,220,N,U,U1,ROOSEVELT/RAVENNA,54XX BLOCK OF 25TH AVE NE,-122.3006173,47.66825204
2022-006959,31039912858,1/9/2022 6:10,,1/9/2022 6:56,A,PROPERTY,LARCENY-THEFT,Shoplifting,23C,N,J,J3,ROOSEVELT/RAVENNA,84XX BLOCK OF AURORA AVE N,-122.34452,47.69019929
2022-006887,31039917115,1/9/2022 2:31,,1/9/2022 6:40,A,PROPERTY,DESTRUCTION/DAMAGE/VANDALISM OF PROPERTY,Destruction/Damage/Vandalism of Property,290,N,U,U1,ROOSEVELT/RAVENNA,ROOSEVELT WAY NE / NE 70TH ST,-122.3174134,47.67947022
2022-006950,31040194869,1/9/2022 5:38,,1/9/2022 6:10,A,PROPERTY,BURGLARY/BREAKING&ENTERING,Burglary/Breaking & Entering,220,N,L,L3,LAKECITY,107XX BLOCK OF LAKE CITY WAY NE,-122.3015283,47.70756602
2022-006930,31039694271,1/9/2022 4:22,,1/9/2022 5:34,A,PROPERTY,BURGLARY/BREAKING&ENTERING,Burglary/Breaking & Entering,220,N,B,B3,WALLINGFORD,40XX BLOCK OF WALLINGFORD AVE N,-122.336249,47.6562327
2022-006888,31039526141,1/9/2022 2:42,,1/9/2022 4:29,A,PROPERTY,BURGLARY/BREAKING&ENTERING,Burglary/Breaking & Entering,220,SW,F,F3,SOUTH PARK,89XX BLOCK OF 14TH AVE S,-122.3149607,47.52346714
2022-006907,31039522924,1/9/2022 3:24,,1/9/2022 4:27,A,PROPERTY,BURGLARY/BREAKING&ENTERING,Burglary/Breaking & Entering,220,N,B,B1,BALLARD SOUTH,51XX BLOCK OF 14TH AVE NW,-122.373591,47.666066
2022-006872,31039308862,1/9/2022 2:03,,1/9/2022 3:19,A,PERSON,ASSAULT OFFENSES,Simple Assault,13B,E,E,E2,CAPITOL HILL,15XX BLOCK OF 13TH AVE,-122.3155393,47.61469288
2022-006105,31038894066,1/8/2022 1:53,,1/9/2022 1:10,A,PERSON,ASSAULT OFFENSES,Aggravated Assault,13A,E,E,E2,CAPITOL HILL,10XX BLOCK OF E PIKE ST,-122.3187939,47.6140898
2022-006814,31038896305,1/9/2022 0:08,,1/9/2022 0:58,A,PROPERTY,MOTOR VEHICLE THEFT,Motor Vehicle Theft,240,N,N,N3,BITTERLAKE,107XX BLOCK OF AURORA AVE N,-122.3447214,47.70670707
2022-006786,31038878921,1/8/2022 23:15,,1/9/2022 0:43,A,PROPERTY,ARSON,Arson,200,W,Q,Q1,MAGNOLIA,15TH AVE W / W RAYE ST,-122.3761697,47.64294366
2022-006699,31038674963,1/8/2022 20:42,,1/9/2022 0:24,A,SOCIETY,WEAPON LAW VIOLATIONS,Weapon Law Violations,520,W,K,K2,PIONEER SQUARE,3XX BLOCK OF S KING ST,-122.3303431,47.59828896
2022-006698,31038046136,1/8/2022 20:30,,1/8/2022 22:59,A,PROPERTY,LARCENY-THEFT,All Other Larceny,23H,S,R,R3,COLUMBIA CITY,36XX BLOCK OF S EDMUNDS ST,-122.2869137,47.55865955
2022-006692,31038134911,1/8/2022 12:30,,1/8/2022 22:56,A,PERSON,ASSAULT OFFENSES,Intimidation,13C,W,D,D1,BELLTOWN,25XX BLOCK OF WESTERN AVE,-122.3500738,47.61430799
2022-006730,31037997342,1/8/2022 21:26,,1/8/2022 22:41,A,PERSON,ASSAULT OFFENSES,Aggravated Assault,13A,W,K,K3,CHINATOWN/INTERNATIONAL DISTRICT,S JACKSON ST / 12TH AVE S,-122.3172228,47.59918907
2022-006706,31038964115,1/8/2022 20:59,,1/8/2022 22:11,A,PERSON,ASSAULT OFFENSES,Aggravated Assault,13A,N,U,U1,ROOSEVELT/RAVENNA,24XX BLOCK OF NE 65TH ST,-122.3011629,47.67577382
2022-006702,31037797054,1/8/2022 20:53,,1/8/2022 22:09,A,SOCIETY,ANIMAL CRUELTY,Animal Cruelty,720,N,L,L3,UNKNOWN,31ST AVE NE / NE 123RD ST,-122.2951796,47.71738737
2022-006702,31037650018,1/8/2022 20:53,,1/8/2022 22:09,A,PERSON,ASSAULT OFFENSES,Simple Assault,13B,N,L,L3,UNKNOWN,31ST AVE NE / NE 123RD ST,-122.2951796,47.71738737
2022-006672,31037472349,1/8/2022 19:51,,1/8/2022 21:18,A,PROPERTY,STOLEN PROPERTY OFFENSES,Stolen Property Offenses,280,S,O,O1,SODO,24XX BLOCK OF 1ST AVE S,-122.3342002,47.58085317
2022-006672,31037483790,1/8/2022 19:51,,1/8/2022 21:18,A,PROPERTY,LARCENY-THEFT,Theft of Motor Vehicle Parts or Accessories,23G,S,O,O1,SODO,24XX BLOCK OF 1ST AVE S,-122.3342002,47.58085317
2022-006667,31037361173,1/8/2022 19:47,,1/8/2022 20:49,A,PERSON,ASSAULT OFFENSES,Aggravated Assault,13A,S,R,R1,NORTH BEACON HILL,21ST AVE S / S PLUM ST,-122.3055407,47.58550389
2022-006635,31037195519,1/8/2022 18:54,,1/8/2022 20:16,A,PERSON,ASSAULT OFFENSES,Simple Assault,13B,S,R,R2,CLAREMONT/RAINIER VISTA,29XX BLOCK OF S DAKOTA ST,-122.2973713,47.56618295
2022-006620,31036962054,1/8/2022 18:23,,1/8/2022 19:34,A,PERSON,ASSAULT OFFENSES,Aggravated Assault,13A,E,C,C2,MONTLAKE/PORTAGE BAY,21XX BLOCK OF E HAMLIN ST,-122.3032965,47.64555219
2022-006499,31036859798,1/8/2022 15:25,,1/8/2022 19:14,A,PERSON,ASSAULT OFFENSES,Simple Assault,13B,N,N,N1,BITTERLAKE,134XX BLOCK OF GREENWOOD AVE N,-122.3555559,47.72731779
2022-006589,31031647623,1/8/2022 17:23,,1/8/2022 18:01,B,SOCIETY,TRESPASS OF REAL PROPERTY,Trespass of Real Property,90J,N,U,U2,UNIVERSITY,45XX BLOCK OF UNIVERSITY WAY NE,-122.3131157,47.66218058
2022-006556,31031977571,1/8/2022 16:30,,1/8/2022 18:00,A,PROPERTY,LARCENY-THEFT,Shoplifting,23C,E,C,C1,MILLER PARK,,0,0
2022-006549,31030668743,1/8/2022 16:15,,1/8/2022 17:23,A,PROPERTY,ROBBERY,Robbery,120,N,L,L3,LAKECITY,30XX BLOCK OF NE 127TH ST,-122.2952484,47.72109192
2022-006546,31027772107,1/8/2022 16:27,,1/8/2022 17:03,A,PROPERTY,LARCENY-THEFT,All Other Larceny,23H,S,O,O2,GEORGETOWN,48XX BLOCK OF DENVER AVE S,-122.3316322,47.5592171
2022-006470,31022249898,1/8/2022 14:51,,1/8/2022 15:39,A,PERSON,ASSAULT OFFENSES,Simple Assault,13B,E,G,G1,FIRST HILL,,0,0
2022-006470,31022671761,1/8/2022 14:51,,1/8/2022 15:39,A,PROPERTY,DESTRUCTION/DAMAGE/VANDALISM OF PROPERTY,Destruction/Damage/Vandalism of Property,290,E,G,G1,FIRST HILL,,0,0
2022-006466,31021734431,1/8/2022 0:00,,1/8/2022 15:34,A,PROPERTY,LARCENY-THEFT,All Other Larceny,23H,W,K,K2,PIONEER SQUARE,1ST AVE S / S MAIN ST,-122.3341849,47.60004423
2022-006404,31013138815,1/8/2022 12:41,,1/8/2022 14:44,A,PROPERTY,STOLEN PROPERTY OFFENSES,Stolen Property Offenses,280,N,U,U2,UNIVERSITY,BROOKLYN AVE NE / NE 42ND ST,-122.3143633,47.65832864
2022-006397,31005513971,1/8/2022 12:37,,1/8/2022 14:07,A,PERSON,ASSAULT OFFENSES,Intimidation,13C,N,B,B2,BALLARD SOUTH,11XX BLOCK OF NW MARKET ST,-122.3721741,47.66866365
2022-006392,31001592986,1/8/2022 11:30,,1/8/2022 13:35,B,SOCIETY,"FAMILY OFFENSES, NONVIOLENT","Family Offenses, Nonviolent",90F,N,L,L2,NORTHGATE,,0,0
2022-006396,31000300574,1/8/2022 12:36,,1/8/2022 13:21,A,PERSON,ASSAULT OFFENSES,Aggravated Assault,13A,W,M,M3,DOWNTOWN COMMERCIAL,3RD AVE / UNION ST,-122.3368846,47.60875623
2022-006361,30996866346,1/8/2022 11:33,,1/8/2022 12:46,A,PROPERTY,ROBBERY,Robbery,120,N,N,N2,NORTHGATE,116XX BLOCK OF AURORA AVE N,-122.3448343,47.71354798
